<filetype binary="false" description="UIForia" name="UIForia">
  <highlighting>
    <options>
      <option name="LINE_COMMENT" value="//" />
      <option name="COMMENT_START" value="" />
      <option name="COMMENT_END" value="" />
      <option name="HEX_PREFIX" value="#" />
      <option name="NUM_POSTFIXES" value="px, w, h, alw, alh, cw, ch, em, caw, cah, aw, ah, vw, vh, pw, ph, pcaw, pcah, sw, sh, mx, mn, fr, pca, psz, %, lh, cnt, aw, ah" />
      <option name="HAS_BRACES" value="true" />
      <option name="HAS_BRACKETS" value="true" />
      <option name="HAS_PARENS" value="true" />
    </options>
    <keywords keywords="[active];[attr:;[attr:name=&quot;value&quot;];[enter];[exit];[focus];[hover];[keyframes];[options];animation;spritesheet;style" ignore_case="false" />
    <keywords2 keywords="@;aliceblue;antiquewhite;aqua;aquamarine;as;azure;beige;bisque;black;blanchedalmond;blue;blueviolet;brown;burlywood;cadetblue;chartreuse;chocolate;clear;const;coral;cornflowerblue;cornsilk;crimson;cyan;darkblue;darkcyan;darkgoldenrod;darkgreen;darkkhaki;darkmagenta;darkolivegreen;darkorange;darkorchid;darkred;darksalmon;darkseagreen;darkslateblue;darkturquoise;darkviolet;deeppink;deepskyblue;dodgerblue;export;firebrick;floralwhite;forestgreen;fuchsia;gainsboro;ghostwhite;gold;goldenrod;gray;green;greenyellow;grey;honeydew;hotpink;import;indianred;indigo;ivory;khaki;lavender;lavenderblush;lawngreen;lemonchiffon;lightblue;lightcoral;lightcyan;lightgoldenrodyellow;lightgray;lightgreen;lightgrey;lightpink;lightsalmon;lightseagreen;lightskyblue;lightsteelblue;lightyellow;lime;limegreen;linen;magenta;maroon;mediumaquamarine;mediumblue;mediumorchid;mediumpurple;mediumseagreen;mediumslateblue;mediumspringgreen;mediumturquoise;mediumvioletred;midnightblue;mintcream;mistyrose;moccasin;navajowhite;navy;oldlace;olive;olivedrab;orange;orangered;orchid;palegoldenrod;palegreen;paleturquoise;palevioletred;papayawhip;pause;peachpuff;peru;pink;plum;powderblue;purple;rebeccapurple;red;rgb;rgba;rosybrown;royalblue;run;saddlebrown;salmon;sandybrown;seagreen;seashell;sienna;silver;skyblue;slateblue;snow;springgreen;steelblue;stop;tan;teal;thistle;tomato;transparent;turquoise;url;violet;wheat;white;whitesmoke;yellow;yellowgreen" />
    <keywords3 keywords="AlignItems;AlignItemsHorizontal;AlignItemsVertical;AlignX;AlignY;AlignmentBoundary;AlignmentBoundaryX;AlignmentBoundaryY;AlignmentDirectionX;AlignmentDirectionY;AlignmentOffset;AlignmentOffsetX;AlignmentOffsetY;AlignmentOrigin;AlignmentOriginX;AlignmentOriginY;AlignmentTarget;AlignmentTargetX;AlignmentTargetY;BackgroundColor;BackgroundFit;BackgroundImage;BackgroundImageOffsetX;BackgroundImageOffsetY;BackgroundImageRotation;BackgroundImageScaleX;BackgroundImageScaleY;BackgroundImageTileX;BackgroundImageTileY;BackgroundTint;Border;BorderBottom;BorderColor;BorderColorBottom;BorderColorLeft;BorderColorRight;BorderColorTop;BorderLeft;BorderRadius;BorderRadiusBottom;BorderRadiusBottomLeft;BorderRadiusBottomRight;BorderRadiusLeft;BorderRadiusRight;BorderRadiusTop;BorderRadiusTopLeft;BorderRadiusTopRight;BorderRight;BorderTop;CaretColor;ClipBehavior;ClipBounds;CornerBevelBottomLeft;CornerBevelBottomRight;CornerBevelTopLeft;CornerBevelTopRight;Cursor;Delay;Direction;DistributeExtraSpace;DistributeExtraSpaceHorizontal;DistributeExtraSpaceVertical;Duration;FitItemsHorizontal;FitItemsVertical;FlexItemGrow;FlexItemShrink;FlexLayoutDirection;FlexLayoutWrap;ForwardStartDelay;GridItem;GridItemHeight;GridItemWidth;GridItemX;GridItemY;GridLayoutColAlignment;GridLayoutColAutoSize;GridLayoutColGap;GridLayoutColTemplate;GridLayoutDensity;GridLayoutDirection;GridLayoutRowAlignment;GridLayoutRowAutoSize;GridLayoutRowGap;GridLayoutRowTemplate;Iterations;Layer;LayoutBehavior;LayoutFit;LayoutFitHorizontal;LayoutFitVertical;LayoutType;LoopTime;LoopType;Margin;MarginBottom;MarginLeft;MarginRight;MarginTop;MaxHeight;MaxWidth;MinHeight;MinWidth;Opacity;Overflow;OverflowX;OverflowY;Padding;PaddingBottom;PaddingLeft;PaddingRight;PaddingTop;Painter;PlaybackType;PointerEvents;PreferredHeight;PreferredSize;PreferredWidth;RadialLayoutEndAngle;RadialLayoutRadius;RadialLayoutStartAngle;RenderLayer;RenderLayerOffset;ReverseStartDelay;SelectionBackgroundColor;SelectionTextColor;ShadowColor;ShadowIntensity;ShadowOffsetX;ShadowOffsetY;ShadowOpacity;ShadowSizeX;ShadowSizeY;ShadowTint;TextAlignment;TextColor;TextFaceDilate;TextFontAsset;TextFontSize;TextFontStyle;TextGlowColor;TextGlowInner;TextGlowOffset;TextGlowOuter;TextGlowPower;TextOutlineColor;TextOutlineSoftness;TextOutlineWidth;TextShadowColor;TextShadowIntensity;TextShadowOffsetX;TextShadowOffsetY;TextShadowSoftness;TextShadowType;TextTransform;TextUnderlayColor;TextUnderlayDilate;TextUnderlaySoftness;TextUnderlayType;TextUnderlayX;TextUnderlayY;TextWhitespaceMode;TimingFunction;TransformPivot;TransformPivotX;TransformPivotY;TransformPosition;TransformPositionX;TransformPositionY;TransformRotation;TransformScale;TransformScaleX;TransformScaleY;Visibility;ZIndex;delay;direction;duration;forwardStartDelay;iterations;loopTime;loopType;playbackType;reverseStartDelay;timingFunction" />
    <keywords4 keywords="AfterContent;AroundContent;BackEaseIn;BackEaseInOut;BackEaseOut;BeforeContent;BetweenContent;BorderBox;BounceEaseIn;BounceEaseInOut;BounceEaseOut;Center;CenterContent;CircularEaseIn;CircularEaseInOut;CircularEaseOut;CollapseWhitespace;CollapseWhitespaceAndTrim;Column;Constant;Contain;ContentBox;Cover;CubicEaseIn;CubicEaseInOut;CubicEaseOut;Default;Dense;ElasticEaseIn;ElasticEaseInOut;ElasticEaseOut;End;ExponentialEaseIn;ExponentialEaseInOut;ExponentialEaseOut;Fill;FillParent;Fit;Fixed;Flex;Flow;Forward;Grid;Grow;Hidden;Horizontal;Ignored;Inset;KeyFrame;LayoutBox;Linear;LowerCase;Never;NoWrap;None;Normal;Parallel;Parent;ParentContentArea;PingPong;PivotOffset;PreserveNewLines;QuadraticEaseIn;QuadraticEaseInOut;QuadraticEaseOut;QuarticEaseIn;QuarticEaseInOut;QuarticEaseOut;QuinticEaseIn;QuinticEaseInOut;QuinticEaseOut;Radial;Reverse;Row;ScaleDown;Screen;Sequential;Shrink;SineEaseIn;SineEaseInOut;SineEaseOut;SmallCaps;SpaceAround;Sparse;Stack;Start;Stretch;Template;TemplateContentArea;TitleCase;TranscludeChildren;Trim;TrimEnd;TrimLineStart;TrimStart;UpperCase;Vertical;View;Viewport;Wrap;WrapReverse;infinite" />
  </highlighting>
  <extensionMap>
    <mapping ext="style" />
  </extensionMap>
</filetype>